neighborhood,borough,1 common,2 common,3 common,4 common,5 common,6 common,7 common,8 common,9 common,10 common
Allerton,Bronx,Pizzeria,Hair Salon,Drugstore,Fast Food Restaurant,Bagel Shop,Furniture and Home Store,Barbershop,Deli,American Restaurant,Chinese Restaurant
Annadale,Staten Island,Diner,Pizzeria,Dance Studio,Hiking Trail,Italian Restaurant,Playground,Chinese Restaurant,Eyecare Store,Sushi Restaurant,Hair Salon
Arden Heights,Staten Island,Playground,Park,Chinese Restaurant,Restaurant,Bridge,Sushi Restaurant,Spa,Shopping Mall,Bank,Hiking Trail
Arlington,Staten Island,Deli,Laundry Service,Storage Facility,Food Truck,General Contractor,Car Parts and Accessories,Organization,Fast Food Restaurant,Hardware Store,Coffee Shop
Arrochar,Staten Island,Baseball Field,Sporting Goods Retail,American Restaurant,Pizzeria,Beach,Grocery Store / Supermarket,Plaza,Lounge,Sports and Recreation,Optometrist
Arverne,Queens,Beach,Grocery Store / Supermarket,Surf Spot,Bagel Shop,Automotive Repair Shop,Automotive Retail,Caribbean Restaurant,Nursing Home,Brewery,Taco Restaurant
Astoria,Queens,Restaurant,Greek Restaurant,Pizzeria,Coffee Shop,Mediterranean Restaurant,Bar,Bakery,Deli,Bagel Shop,Cocktail Bar
Astoria Heights,Queens,Park,Pizzeria,Bakery,Greek Restaurant,Automotive Repair Shop,Burger Joint,Deli,Grocery Store / Supermarket,Bar,Baseball Field
Auburndale,Queens,Korean Restaurant,Restaurant,Pizzeria,Bar,Fast Food Restaurant,Ice Cream Parlor,Chinese Restaurant,Asian Restaurant,Café,Liquor Store
Bath Beach,Brooklyn,Pizzeria,Department Store,Nail Salon,Health and Beauty Service,Coffee Shop,Sushi Restaurant,Park,Bakery,Bubble Tea Shop,Barbershop
Battery Park City,Manhattan,Park,Cocktail Bar,Coffee Shop,American Restaurant,Grocery Store / Supermarket,Playground,Café,Memorial Site,Bakery,River
Bay Ridge,Brooklyn,Pizzeria,Bakery,Bagel Shop,Café,Restaurant,Nail Salon,Middle Eastern Restaurant,Beer Garden,Tea Room,Tattoo Parlor
Bay Terrace,Queens,Cosmetics Store,Fast Food Restaurant,Bagel Shop,ATM,Education,Spa,Shopping Mall,Chinese Restaurant,Convenience Store,Dance Studio
Bay Terrace,Staten Island,Hair Salon,Italian Restaurant,Grocery Store / Supermarket,Bagel Shop,Ice Cream Parlor,Pizzeria,Asian Restaurant,Organization,Mexican Restaurant,Chinese Restaurant
Baychester,Bronx,Clothing Store,Grocery Store / Supermarket,Fast Food Restaurant,Nail Salon,Other Great Outdoors,Drugstore,Restaurant,Hair Salon,Chinese Restaurant,Basketball Court
Bayside,Queens,Bakery,Restaurant,Indian Restaurant,Italian Restaurant,Greek Restaurant,Cocktail Bar,Nail Salon,Office Supply Store,Newsstand,Pizzeria
Bayswater,Queens,Playground,Automotive Repair Shop,Clothing Store,Picnic Area,Coffee Shop,ATM,Organic Grocery,Pedestrian Plaza,Party Supply Store,Parking
Bedford Park,Bronx,Pizzeria,Park,Baseball Field,Garden,Deli,Grocery Store / Supermarket,Coffee Shop,Mexican Restaurant,Monument,Botanical Garden
Bedford Stuyvesant,Brooklyn,Coffee Shop,Cocktail Bar,Café,Wine Store,Bar,Hair Salon,Grocery Store / Supermarket,Bakery,Pizzeria,Music Venue
Beechhurst,Queens,Pizzeria,Bagel Shop,Other Great Outdoors,Park,Grocery Store / Supermarket,Deli,Italian Restaurant,Ice Cream Parlor,Sushi Restaurant,Mobile Phone Store
Bellaire,Queens,Pizzeria,Drugstore,Baseball Field,Bagel Shop,Park,Fast Food Restaurant,Automotive Repair Shop,Hair Salon,Restaurant,Tennis Court
Belle Harbor,Queens,Beach,Bagel Shop,Stationery Store,Boutique,Harbor / Marina,Park,Bakery,Mexican Restaurant,Pizzeria,Playground
Bellerose,Queens,Deli,Baseball Field,Pizzeria,Mobile Phone Store,Fast Food Restaurant,American Restaurant,Retail,Bagel Shop,Cosmetics Store,Equipment Rental Service
Belmont,Bronx,Zoo,Deli,Italian Restaurant,Bakery,Pizzeria,Bagel Shop,Garden,Diner,Shoe Store,Café
Bensonhurst,Brooklyn,Bakery,Bagel Shop,Restaurant,Nail Salon,Pizzeria,Liquor Store,Eyecare Store,Italian Restaurant,American Restaurant,Video Games Store
Bergen Beach,Brooklyn,Peruvian Restaurant,Deli,Italian Restaurant,Stable,Grocery Store / Supermarket,Pizzeria,Oil Change Service,Party Supply Store,Parking,Park
Blissville,Queens,Deli,Latin American Restaurant,Performing Arts Venue,Coffee Shop,Park,Hardware Store,Storage Facility,Bakery,Restaurant,Movie Theater
Bloomfield,Staten Island,Sports Club,Burger Joint,Grocery Store / Supermarket,Skating Rink,Event Service,Pet Service,Hair Salon,Strip Club,Storage Facility,Mover
Boerum Hill,Brooklyn,Coffee Shop,Grocery Store / Supermarket,Cocktail Bar,Music Venue,American Restaurant,Beer Bar,Bar,Pizzeria,Nail Salon,Bubble Tea Shop
Borough Park,Brooklyn,Pizzeria,Grocery Store / Supermarket,Bakery,Bank,Deli,Clothing Store,Nail Salon,American Restaurant,Barbershop,Restaurant
Breezy Point,Queens,Landmarks and Outdoors,Beach,American Restaurant,Hiking Trail,ATM,Pedestrian Plaza,Party Supply Store,Parking,Park,Paintball Field
Briarwood,Queens,American Restaurant,Latin American Restaurant,Indian Restaurant,Barbershop,Health and Beauty Service,Deli,Asian Restaurant,Pizzeria,Grocery Store / Supermarket,Bakery
Brighton Beach,Brooklyn,Drugstore,Beach,Grocery Store / Supermarket,Music Venue,Discount Store,Other Great Outdoors,Bakery,Café,Gourmet Store,Banking and Finance
Broad Channel,Queens,Playground,Bagel Shop,Nail Salon,Dog Park,Pizzeria,Surf Spot,Print Store,Repair Service,Grocery Store / Supermarket,Harbor / Marina
Broadway Junction,Brooklyn,Deli,Grocery Store / Supermarket,Bank,Fast Food Restaurant,Pizzeria,Bar,Beer Bar,Discount Store,Soccer Field,Storage Facility
Bronxdale,Bronx,Pizzeria,Bagel Shop,Chinese Restaurant,Deli,Drugstore,Grocery Store / Supermarket,Asian Restaurant,Coffee Shop,Bakery,Caterer
Brooklyn Heights,Brooklyn,Playground,Cocktail Bar,Park,Café,Deli,Bakery,Pizzeria,Sushi Restaurant,American Restaurant,Steakhouse
Brookville,Queens,Fast Food Restaurant,Deli,Park,Primary and Secondary School,Bakery,Bagel Shop,Health and Beauty Service,Lounge,Playground,Drugstore
Brownsville,Brooklyn,Pizzeria,Discount Store,Hair Salon,Grocery Store / Supermarket,Fast Food Restaurant,Chinese Restaurant,Department Store,Accounting and Bookkeeping Service,Seafood Restaurant,Mobile Phone Store
Bulls Head,Staten Island,Baseball Field,Park,Scenic Lookout,Grocery Store / Supermarket,Tattoo Parlor,Bagel Shop,Restaurant,Banking and Finance,Pizzeria,Media Agency
Bushwick,Brooklyn,Bar,Cocktail Bar,Taco Restaurant,Beer Bar,Used Bookstore,Salad Restaurant,Bagel Shop,Barbershop,Bookstore,Hotel Bar
Butler Manor,Staten Island,Swimming Pool,State / Provincial Park,Park,Baseball Field,Grocery Store / Supermarket,Beach,Arts and Entertainment,Oil Change Service,Parking,Paintball Field
Cambria Heights,Queens,Bagel Shop,Deli,Drugstore,Restaurant,Buffet,Playground,Caribbean Restaurant,Equipment Rental Service,Liquor Store,Health and Beauty Service
Canarsie,Brooklyn,Barbershop,Bakery,Pizzeria,Drugstore,Grocery Store / Supermarket,Fast Food Restaurant,Liquor Store,Caribbean Restaurant,Nail Salon,Diner
Carnegie Hill,Manhattan,Coffee Shop,Art Museum,American Restaurant,Bar,Café,Pizzeria,Grocery Store / Supermarket,Bookstore,Hair Salon,Liquor Store
Carroll Gardens,Brooklyn,Cocktail Bar,Bakery,Coffee Shop,Wine Bar,Pizzeria,Lounge,Bar,Grocery Store / Supermarket,Café,Gaming Cafe
Castle Hill,Bronx,Automotive Repair Shop,Other Great Outdoors,Fast Food Restaurant,Grocery Store / Supermarket,Cosmetics Store,Diner,Storage Facility,Park,Liquor Store,Department Store
Castleton Corners,Staten Island,Pizzeria,Deli,Coffee Shop,Chinese Restaurant,Bakery,Bagel Shop,Drugstore,Park,Optometrist,Nail Salon
Central Harlem,Manhattan,Café,American Restaurant,Music Venue,Concert Hall,Pizzeria,Cocktail Bar,Restaurant,Bar,Park,Drugstore
Charleston,Staten Island,Automotive Repair Shop,Bridge,Pizzeria,Hardware Store,Cosmetics Store,Convenience Store,Bagel Shop,Bakery,Media Agency,Department Store
Chelsea,Manhattan,Restaurant,Bakery,Art Gallery,Night Club,Coffee Shop,New American Restaurant,Café,Bar,American Restaurant,Scenic Lookout
Chelsea,Staten Island,Burger Joint,Department Store,Deli,Government Department / Agency,Bakery,Park,Gym and Studio,Automotive Service,Automotive Retail,Mover
Chinatown,Manhattan,Bakery,Cocktail Bar,Chinese Restaurant,Thai Restaurant,Wine Bar,Tea Room,Dim Sum Restaurant,Café,Cantonese Restaurant,Bar
City Island,Bronx,American Restaurant,BBQ Joint,Diner,Vintage and Thrift Store,Music Venue,Sporting Goods Retail,Sushi Restaurant,Caterer,Organization,Chinese Restaurant
City Line,Brooklyn,Pizzeria,Fast Food Restaurant,Discount Store,Tire Repair Shop,Latin American Restaurant,Bagel Shop,Caribbean Restaurant,Grocery Store / Supermarket,Bank,Health and Beauty Service
Civic Center,Manhattan,Cocktail Bar,Bakery,Restaurant,Café,Dim Sum Restaurant,Spa,Park,American Restaurant,Bar,Chinese Restaurant
Claremont Village,Bronx,Bagel Shop,Hair Salon,Juice Bar,Fast Food Restaurant,Performing Arts Venue,Optometrist,Pediatrician,Pedestrian Plaza,Party Supply Store,Parking
Clason Point,Bronx,Lounge,Fuel Station,Scenic Lookout,Park,Discount Store,ATM,Oil Change Service,Pedestrian Plaza,Party Supply Store,Parking
Clifton,Staten Island,Pizzeria,Deli,Beach,Asian Restaurant,Bar,Restaurant,History Museum,Department Store,Spanish Restaurant,Baseball Field
Clinton,Manhattan,Music Venue,American Restaurant,Restaurant,Bakery,Cocktail Bar,Night Club,Grocery Store / Supermarket,Park,Pizzeria,Theater
Clinton Hill,Brooklyn,Italian Restaurant,Pizzeria,Cocktail Bar,Coffee Shop,American Restaurant,Wine Bar,Bakery,Bicycle Store,History Museum,Picnic Area
Co-op City,Bronx,Fast Food Restaurant,Clothing Store,Shoe Store,Jewelry Store,Retail,Restaurant,Department Store,Grocery Store / Supermarket,Banking and Finance,Pizzeria
Cobble Hill,Brooklyn,Cocktail Bar,Playground,Bakery,Restaurant,Café,Dive Bar,Bagel Shop,Beer Store,Coffee Shop,French Restaurant
College Point,Queens,Pizzeria,Bagel Shop,Chinese Restaurant,Convenience Store,Restaurant,Deli,Asian Restaurant,Fast Food Restaurant,Park,Grocery Store / Supermarket
Concord,Staten Island,Italian Restaurant,Automotive Repair Shop,Pizzeria,Drugstore,Deli,Nail Salon,Barbershop,Health and Medicine,Grocery Store / Supermarket,Bakery
Concourse,Bronx,Chinese Restaurant,Storage Facility,Playground,Drugstore,Discount Store,Deli,Automotive Repair Shop,Grocery Store / Supermarket,Garden,Night Club
Concourse Village,Bronx,Fast Food Restaurant,Laundry Service,Mexican Restaurant,Pizzeria,Bagel Shop,Grocery Store / Supermarket,Beer Bar,Sculpture Garden,Coffee Shop,Storage Facility
Coney Island,Brooklyn,Amusement Park,Beach,Deli,Fast Food Restaurant,Pizzeria,Drugstore,Automotive Repair Shop,Mobile Phone Store,Stadium,Hot Dog Joint
Corona,Queens,Playground,American Restaurant,Science Museum,Bakery,Mexican Restaurant,Pizzeria,Convenience Store,Fast Food Restaurant,Hair Salon,Zoo
Country Club,Bronx,Pizzeria,Deli,Candy Store,Nail Salon,Dive Bar,Bakery,Park,BBQ Joint,Bagel Shop,Sushi Restaurant
Crown Heights,Brooklyn,Café,Bakery,Beer Bar,Cocktail Bar,Grocery Store / Supermarket,Coffee Shop,Sushi Restaurant,Bar,Candy Store,Bank
Cypress Hills,Brooklyn,Discount Store,Fast Food Restaurant,Grocery Store / Supermarket,Pizzeria,Bagel Shop,Mobile Phone Store,Caribbean Restaurant,Latin American Restaurant,Banking and Finance,Hair Salon
Ditmas Park,Brooklyn,Cocktail Bar,Caribbean Restaurant,Grocery Store / Supermarket,Thai Restaurant,Hair Salon,Chinese Restaurant,Bar,Banking and Finance,Liquor Store,Concert Hall
Dongan Hills,Staten Island,Restaurant,Pizzeria,Hair Salon,Car Dealership,Automotive Retail,Bank,Asian Restaurant,American Restaurant,Italian Restaurant,Nail Salon
Douglaston,Queens,Italian Restaurant,Restaurant,Drugstore,Coffee Shop,Cantonese Restaurant,Park,Bicycle Store,Golf Course,Bubble Tea Shop,Buffet
Downtown,Brooklyn,Coffee Shop,Grocery Store / Supermarket,American Restaurant,Music Venue,Restaurant,Bar,Beer Bar,Sushi Restaurant,Cocktail Bar,Pizzeria
Dumbo,Brooklyn,Park,Restaurant,American Restaurant,Ice Cream Parlor,Scenic Lookout,Landmarks and Outdoors,Playground,Café,Bakery,Cocktail Bar
Dyker Heights,Brooklyn,Bakery,Asian Restaurant,Golf Store,Bookstore,Lebanese Restaurant,Grocery Store / Supermarket,Nutritionist,Café,Pizzeria,Restaurant
East Elmhurst,Queens,Pizzeria,Café,Park,Grocery Store / Supermarket,Hotel Bar,Asian Restaurant,Bagel Shop,Latin American Restaurant,Bakery,Automotive Repair Shop
East Flatbush,Brooklyn,Grocery Store / Supermarket,Automotive Repair Shop,Lounge,Discount Store,Sports Bar,Caribbean Restaurant,Food and Beverage Retail,Playground,Storage Facility,Automotive Retail
East Harlem,Manhattan,Café,Cocktail Bar,Beer Bar,Pizzeria,Bakery,Bar,Asian Restaurant,Park,Hiking Trail,BBQ Joint
East New York,Brooklyn,Grocery Store / Supermarket,Art Gallery,Laundry Service,Deli,Park,Scenic Lookout,Caribbean Restaurant,Liquor Store,Fast Food Restaurant,Pizzeria
East Tremont,Bronx,Zoo,Bagel Shop,Pizzeria,Fast Food Restaurant,Park,Caribbean Restaurant,Mobile Phone Store,Tennis Court,Automotive Repair Shop,Bank
East Village,Manhattan,Asian Restaurant,Restaurant,Cocktail Bar,Wine Bar,Hair Salon,Coffee Shop,Park,American Restaurant,Café,Greek Restaurant
East Williamsburg,Brooklyn,Cocktail Bar,Coffee Shop,Bar,Bakery,Dive Bar,Pizzeria,Music Venue,Drugstore,Bowling Alley,Gourmet Store
Eastchester,Bronx,Fast Food Restaurant,Grocery Store / Supermarket,Car Parts and Accessories,Bar,Automotive Repair Shop,Chinese Restaurant,Restaurant,Bagel Shop,Burger Joint,Gourmet Store
Edenwald,Bronx,Grocery Store / Supermarket,Fast Food Restaurant,Automotive Repair Shop,Drugstore,Bagel Shop,Bakery,Caribbean Restaurant,Pizzeria,Cocktail Bar,Cosmetics Store
Edgemere,Queens,Dog Park,Beach,Scenic Lookout,Fish Market,Park,Fast Food Restaurant,Laundromat,Cosmetics Store,Landmarks and Outdoors,Daycare
Edgewater Park,Bronx,Deli,Pizzeria,Restaurant,American Restaurant,Beach,Bagel Shop,Coffee Shop,Harbor / Marina,Pet Grooming Service,Gymnastics
Egbertville,Staten Island,Deli,Hair Salon,Hiking Trail,Park,Pizzeria,Vintage and Thrift Store,Barbershop,Health and Beauty Service,Bagel Shop,Historic and Protected Site
Elm Park,Staten Island,Deli,Bakery,Grocery Store / Supermarket,Fast Food Restaurant,Ice Cream Parlor,Drugstore,Liquor Store,Bagel Shop,Italian Restaurant,American Restaurant
Elmhurst,Queens,Bakery,Asian Restaurant,Thai Restaurant,Latin American Restaurant,Food Truck,Chinese Restaurant,Café,Indian Restaurant,Mexican Restaurant,Clothing Store
Eltingville,Staten Island,Pizzeria,Butcher,Hair Salon,Chinese Restaurant,Bagel Shop,Fast Food Restaurant,Sushi Restaurant,Clothing Store,Coffee Shop,Beer Store
Emerson Hill,Staten Island,Deli,Pizzeria,Gourmet Store,Automotive Repair Shop,Café,Health and Medicine,Tire Repair Shop,Beach,Miscellaneous Store,Butcher
Erasmus,Brooklyn,Caribbean Restaurant,Bakery,Cocktail Bar,Coffee Shop,Nail Salon,Discount Store,Pizzeria,Convenience Store,Bagel Shop,Playground
Far Rockaway,Queens,Fast Food Restaurant,Bank,Pizzeria,Chinese Restaurant,Grocery Store / Supermarket,Beach,Accounting and Bookkeeping Service,Liquor Store,Hardware Store,Pet Supplies Store
Fieldston,Bronx,Park,Bagel Shop,Dog Park,Health and Beauty Service,American Restaurant,Other Great Outdoors,Pizzeria,Bar,Fast Food Restaurant,Farmers' Market
Financial District,Manhattan,Restaurant,Coffee Shop,American Restaurant,Cocktail Bar,Memorial Site,Café,Grocery Store / Supermarket,Hair Salon,Taco Restaurant,Movie Theater
Flatbush,Brooklyn,Cocktail Bar,Café,American Restaurant,Caribbean Restaurant,Fast Food Restaurant,Ice Cream Parlor,Chinese Restaurant,Nail Salon,Deli,Pizzeria
Flatiron,Manhattan,Restaurant,American Restaurant,Bakery,Coffee Shop,Bagel Shop,Cocktail Bar,Retail,Pet Supplies Store,Playground,Farmers' Market
Flatlands,Brooklyn,Park,Drugstore,Discount Store,Grocery Store / Supermarket,Pizzeria,Caribbean Restaurant,Sports Bar,Bank,"Heating, Ventilating and Air Conditioning Contractor",Health and Beauty Service
Floral Park,Queens,Fast Food Restaurant,Indian Restaurant,Pizzeria,Drugstore,American Restaurant,Mobile Phone Store,Grocery Store / Supermarket,Bagel Shop,Ice Cream Parlor,Gift Store
Flushing,Queens,Chinese Restaurant,Asian Restaurant,Bubble Tea Shop,BBQ Joint,Grocery Store / Supermarket,Cantonese Restaurant,Korean Restaurant,Taiwanese Restaurant,Coffee Shop,Health Food Store
Fordham,Bronx,Pizzeria,Bakery,Café,Deli,Latin American Restaurant,Bagel Shop,Plaza,Fast Food Restaurant,Italian Restaurant,Diner
Forest Hills,Queens,Grocery Store / Supermarket,Kosher Restaurant,Bakery,Park,Bar,Sushi Restaurant,Chinese Restaurant,Restaurant,Ramen Restaurant,Beer Bar
Forest Hills Gardens,Queens,Bakery,Grocery Store / Supermarket,Plaza,Bar,Restaurant,Fast Food Restaurant,Sushi Restaurant,Pet Supplies Store,Tennis Court,Beer Bar
Fort Greene,Brooklyn,Italian Restaurant,Cocktail Bar,Music Venue,Pizzeria,Coffee Shop,American Restaurant,Playground,Wine Bar,Bookstore,Restaurant
Fort Hamilton,Brooklyn,Bagel Shop,Bakery,Grocery Store / Supermarket,Department Store,Park,Pizzeria,Coffee Shop,Golf Course,Golf Store,BBQ Joint
Fox Hills,Staten Island,Deli,Chinese Restaurant,Tobacco Store,Convenience Store,Barbershop,Hardware Store,Grocery Store / Supermarket,BBQ Joint,Park,Hiking Trail
Fresh Meadows,Queens,Pizzeria,Bubble Tea Shop,Bagel Shop,Drugstore,Bank,Playground,Tennis Court,Hookah Bar,Fast Food Restaurant,Chinese Restaurant
Fulton Ferry,Brooklyn,Park,Scenic Lookout,Bakery,Restaurant,American Restaurant,Landmarks and Outdoors,Playground,Seafood Restaurant,Ice Cream Parlor,Harbor / Marina
Georgetown,Brooklyn,Grocery Store / Supermarket,Deli,Drugstore,Chinese Restaurant,Pizzeria,Bagel Shop,Ice Cream Parlor,Bank,Restaurant,Harbor / Marina
Gerritsen Beach,Brooklyn,Bagel Shop,Playground,Ice Cream Parlor,Italian Restaurant,American Restaurant,Pizzeria,Bar,Sports and Recreation,Butcher,Deli
Glen Oaks,Queens,Fast Food Restaurant,Diner,Playground,American Restaurant,Park,Buffet,Barbershop,Mobile Phone Store,Swimming Pool,Gift Store
Glendale,Queens,Pizzeria,Bagel Shop,Clothing Store,Italian Restaurant,Bakery,Bar,Automotive Repair Shop,German Restaurant,Furniture and Home Store,Children's Clothing Store
Gowanus,Brooklyn,Cocktail Bar,Pizzeria,Coffee Shop,Music Venue,Wine Bar,Beer Store,Hair Salon,Grocery Store / Supermarket,Café,Bar
Gramercy,Manhattan,Restaurant,American Restaurant,Bar,Bagel Shop,Bakery,Café,Grocery Store / Supermarket,Playground,Pizzeria,Burger Joint
Graniteville,Staten Island,Baseball Field,Fast Food Restaurant,Playground,Pizzeria,Chinese Restaurant,Ice Cream Parlor,Department Store,Nail Salon,Bakery,Bank
Grant City,Staten Island,Pizzeria,Hair Salon,Italian Restaurant,Automotive Repair Shop,Fast Food Restaurant,Indian Restaurant,Spa,Mexican Restaurant,Tattoo Parlor,Hair Removal Service
Grasmere,Staten Island,Italian Restaurant,American Restaurant,Restaurant,Grocery Store / Supermarket,Swimming Pool,Charity,Other Great Outdoors,Tanning Salon,Asian Restaurant,Tattoo Parlor
Gravesend,Brooklyn,Bakery,Bagel Shop,Pool Hall,American Restaurant,Restaurant,Diner,Pet Supplies Store,Plaza,Bar,Meat and Seafood Store
Great Kills,Staten Island,Bagel Shop,Pizzeria,Bar,Italian Restaurant,Grocery Store / Supermarket,American Restaurant,Asian Restaurant,Hair Salon,Drugstore,Mexican Restaurant
Greenpoint,Brooklyn,Cocktail Bar,American Restaurant,Bakery,Café,Bar,Coffee Shop,Pizzeria,Bookstore,Gourmet Store,Scenic Lookout
Greenridge,Staten Island,Pizzeria,Video Store,Bagel Shop,Hiking Trail,Convenience Store,Drugstore,Bowling Alley,BBQ Joint,Ice Cream Parlor,Coffee Shop
Greenwich Village,Manhattan,Restaurant,Italian Restaurant,Bakery,Pizzeria,Wine Bar,American Restaurant,Bookstore,Japanese Restaurant,Luggage Store,Skin Care Clinic
Grymes Hill,Staten Island,Deli,Park,Dog Park,Pizzeria,Cocktail Bar,Spanish Restaurant,Café,Sports Bar,Non-Profit Organization,Barbershop
Hamilton Heights,Manhattan,Café,Grocery Store / Supermarket,Park,Cocktail Bar,Deli,Caribbean Restaurant,African Restaurant,Music Venue,Coffee Shop,Mexican Restaurant
Hammels,Queens,Beach,Surf Spot,Restaurant,Taco Restaurant,Fast Food Restaurant,Automotive Retail,Pizzeria,Chinese Restaurant,Caribbean Restaurant,Bagel Shop
Heartland Village,Staten Island,Clothing Store,Shoe Store,Department Store,Bank,Park,Farmers' Market,Food Truck,Mobile Phone Store,Coffee Shop,Hair Removal Service
High  Bridge,Bronx,Plaza,Art Museum,Lounge,Cocktail Bar,Beer Bar,Soccer Field,Bridge,Sports and Recreation,Stadium,New American Restaurant
Highland Park,Brooklyn,Fast Food Restaurant,Grocery Store / Supermarket,Bagel Shop,Bank,Restaurant,Latin American Restaurant,Mobile Phone Store,Boutique,Chinese Restaurant,Car Parts and Accessories
Hillcrest,Queens,Playground,Nail Salon,Deli,Pizzeria,Asian Restaurant,Mobile Phone Store,Ice Cream Parlor,Café,Barbershop,Baseball Field
Hollis,Queens,Fast Food Restaurant,Hair Salon,Health and Beauty Service,Deli,Nail Salon,Mobile Phone Store,Grocery Store / Supermarket,Chinese Restaurant,Drugstore,Pizzeria
Holliswood,Queens,Fast Food Restaurant,Chinese Restaurant,Nail Salon,Hair Salon,Deli,Playground,Shopping Mall,Park,Bagel Shop,Grocery Store / Supermarket
Homecrest,Brooklyn,Sushi Restaurant,Drugstore,Bagel Shop,Playground,Hair Salon,Russian Restaurant,Fruit and Vegetable Store,Bicycle Store,Sports and Recreation,Bakery
Howard Beach,Queens,Ice Cream Parlor,Italian Restaurant,Playground,Pizzeria,Asian Restaurant,Chinese Restaurant,Fast Food Restaurant,Park,"Cafes, Coffee, and Tea Houses",National Park
Howland Hook,Staten Island,Business and Professional Services,Hardware Store,Waterfront,Harbor / Marina,Cocktail Bar,Park,Used Car Dealership,Laundry Service,Pizzeria,Chinese Restaurant
Hudson Yards,Manhattan,Coffee Shop,Cocktail Bar,Music Venue,Art Gallery,Mediterranean Restaurant,Park,Pizzeria,Grocery Store / Supermarket,American Restaurant,Bakery
Huguenot,Staten Island,Banking and Finance,Hair Salon,Tutoring Service,Asian Restaurant,Attorney / Law Office,Pizzeria,Landmarks and Outdoors,Bagel Shop,Other Great Outdoors,Ice Cream Parlor
Hunters Point,Queens,Restaurant,Bar,Bakery,Italian Restaurant,Café,Art Museum,Concert Hall,Playground,Brewery,Dog Park
Hunts Point,Bronx,Butcher,Park,Bakery,Bank,Farmers' Market,Deli,Fruit and Vegetable Store,Café,Flower Store,Car Parts and Accessories
Inwood,Manhattan,Latin American Restaurant,American Restaurant,Mexican Restaurant,Restaurant,Scenic Lookout,Asian Restaurant,Park,Pizzeria,Hair Salon,Barbershop
Jackson Heights,Queens,Indian Restaurant,Grocery Store / Supermarket,Mexican Restaurant,Restaurant,Bakery,Food Truck,Playground,Bar,Latin American Restaurant,American Restaurant
Jamaica Center,Queens,Latin American Restaurant,Pizzeria,Caribbean Restaurant,Indian Restaurant,Fast Food Restaurant,Mobile Phone Store,Restaurant,Grocery Store / Supermarket,Bank,American Restaurant
Jamaica Estates,Queens,Fast Food Restaurant,Coffee Shop,Afghan Restaurant,American Restaurant,Latin American Restaurant,Pizzeria,Other Great Outdoors,Fish and Chips Shop,Liquor Store,Convenience Store
Jamaica Hills,Queens,Pizzeria,Fast Food Restaurant,American Restaurant,Nail Salon,Bagel Shop,Caribbean Restaurant,Department Store,Other Great Outdoors,Restaurant,Hair Salon
Kensington,Brooklyn,Pizzeria,Bakery,Sushi Restaurant,Grocery Store / Supermarket,Thai Restaurant,Diner,Fruit and Vegetable Store,Restaurant,Flower Store,Mediterranean Restaurant
Kew Gardens,Queens,Latin American Restaurant,Pizzeria,Nail Salon,Mexican Restaurant,Coffee Shop,Fast Food Restaurant,Bagel Shop,Movie Theater,Dog Park,Discount Store
Kew Gardens Hills,Queens,Asian Restaurant,Pizzeria,Playground,Bank,Grocery Store / Supermarket,Indian Restaurant,Convenience Store,Banking and Finance,Beer Store,Café
Kingsbridge,Bronx,Pizzeria,Burger Joint,Bagel Shop,Deli,American Restaurant,Bar,Department Store,Park,Urban Park,Bakery
Kingsbridge Heights,Bronx,Hair Salon,Music Venue,Bagel Shop,Pub,Diner,Grocery Store / Supermarket,Monument,Pizzeria,Optometrist,Party Supply Store
Laurelton,Queens,Bakery,Restaurant,Nail Salon,Hair Salon,Cosmetics Store,Barbershop,Bagel Shop,Park,Caribbean Restaurant,Grocery Store / Supermarket
Lefrak City,Queens,American Restaurant,Grocery Store / Supermarket,Bakery,Barbershop,Clothing Store,Pizzeria,Fruit and Vegetable Store,Department Store,Mexican Restaurant,Hair Salon
Lenox Hill,Manhattan,Bar,Restaurant,Sushi Restaurant,Wine Bar,Café,French Restaurant,Asian Restaurant,Bakery,Cocktail Bar,Clothing Store
Lighthouse Hill,Staten Island,Hair Salon,Pizzeria,Deli,Art Museum,Café,Miscellaneous Store,Park,Health and Beauty Service,Bakery,Bagel Shop
Lincoln Square,Manhattan,Restaurant,Music Venue,Bakery,Concert Hall,Wine Bar,Performing Arts Venue,Park,Italian Restaurant,Grocery Store / Supermarket,Mediterranean Restaurant
Lindenwood,Queens,Ice Cream Parlor,Pizzeria,Pet Supplies Store,Asian Restaurant,Discount Store,Bagel Shop,Bakery,Sushi Restaurant,Grocery Store / Supermarket,Coffee Shop
Little Italy,Manhattan,Cocktail Bar,Restaurant,Chinese Restaurant,Thai Restaurant,Burger Joint,Ice Cream Parlor,Tea Room,Bookstore,Clothing Store,Pizzeria
Little Neck,Queens,Asian Restaurant,Grocery Store / Supermarket,Coffee Shop,Chinese Restaurant,Cantonese Restaurant,Italian Restaurant,Drugstore,Deli,Cocktail Bar,Playground
Long Island City,Queens,Coffee Shop,Bakery,Restaurant,Bubble Tea Shop,Brewery,Art Museum,Pizzeria,Café,Barbershop,Bar
Longwood,Bronx,Fast Food Restaurant,Deli,Pizzeria,Discount Store,Latin American Restaurant,Mobile Phone Store,Bagel Shop,Bakery,Drugstore,Scenic Lookout
Lower East Side,Manhattan,Restaurant,Cocktail Bar,Café,Wine Bar,Asian Restaurant,Beer Bar,Barbershop,Playground,Bakery,Museum
Madison,Brooklyn,Bagel Shop,Bakery,Sushi Restaurant,Restaurant,Pizzeria,Asian Restaurant,Hair Salon,Massage Clinic,Car Dealership,Fast Food Restaurant
Malba,Queens,Park,Pizzeria,Hair Salon,Coffee Shop,Playground,Cosmetics Store,Fast Food Restaurant,Harbor / Marina,Clothing Store,Taiwanese Restaurant
Manhattan Beach,Brooklyn,Restaurant,Italian Restaurant,Pizzeria,American Restaurant,Café,Playground,Mediterranean Restaurant,Burger Joint,Theater,Lounge
Manhattan Terrace,Brooklyn,Sushi Restaurant,Pizzeria,Café,Bakery,Burger Joint,Bagel Shop,Grocery Store / Supermarket,Convenience Store,Kosher Restaurant,Liquor Store
Manhattan Valley,Manhattan,Playground,Bakery,Bagel Shop,Grocery Store / Supermarket,Coffee Shop,Café,Restaurant,Park,Bar,Indian Restaurant
Manhattanville,Manhattan,Bar,Barbershop,American Restaurant,Tennis Court,Park,Cocktail Bar,Music Venue,Coffee Shop,Café,Health and Medicine
Manor Heights,Staten Island,Chinese Restaurant,Bagel Shop,Pizzeria,Grocery Store / Supermarket,Drugstore,Buffet,Liquor Store,Campground,Nail Salon,Mountain
Marble Hill,Manhattan,Restaurant,Deli,Scenic Lookout,Grocery Store / Supermarket,Pizzeria,Landmarks and Outdoors,Park,Latin American Restaurant,Hair Salon,River
Marine Park,Brooklyn,Restaurant,Grocery Store / Supermarket,Nail Salon,Drugstore,Bakery,Cosmetics Store,Massage Clinic,BBQ Joint,Bagel Shop,Banking and Finance
Mariner's Harbor,Staten Island,Deli,Fast Food Restaurant,Ice Cream Parlor,Organization,Restaurant,Pizzeria,Bar,Department Store,Bagel Shop,Bakery
Maspeth,Queens,Pizzeria,Burger Joint,Bakery,Chinese Restaurant,Bagel Shop,Nail Salon,Video Store,Fast Food Restaurant,Barbershop,Convenience Store
Melrose,Bronx,Mexican Restaurant,Fast Food Restaurant,Bagel Shop,Pizzeria,Latin American Restaurant,Discount Store,Bakery,Restaurant,Public and Social Service,Burger Joint
Middle Village,Queens,Pizzeria,Bagel Shop,Convenience Store,Tanning Salon,Bar,Hair Salon,Bakery,Sushi Restaurant,Gourmet Store,Playground
Midland Beach,Staten Island,Baseball Field,Beach,Hair Salon,BBQ Joint,American Restaurant,Fast Food Restaurant,Automotive Repair Shop,Bagel Shop,Pizzeria,Turkish Restaurant
Midtown,Manhattan,Music Venue,Steakhouse,Coffee Shop,Japanese Restaurant,Plaza,Grocery Store / Supermarket,Restaurant,Fast Food Restaurant,Bakery,Cosmetics Store
Midtown South,Manhattan,Asian Restaurant,Pizzeria,Restaurant,BBQ Joint,American Restaurant,"Cafes, Coffee, and Tea Houses",Burger Joint,Museum,Bookstore,Coffee Shop
Midwood,Brooklyn,Pizzeria,Kosher Restaurant,Hardware Store,Café,Bakery,Gift Store,Deli,Shoe Store,Photographer,Bank
Mill Basin,Brooklyn,Pizzeria,Chinese Restaurant,Restaurant,Deli,Grocery Store / Supermarket,Drugstore,Bagel Shop,Bakery,Fast Food Restaurant,Burger Joint
Mill Island,Brooklyn,Landmarks and Outdoors,Burger Joint,Chinese Restaurant,Hardware Store,Pizzeria,Campground,Bridal Store,Garden,Car Dealership,Swimming Pool
Morningside Heights,Manhattan,Restaurant,Cocktail Bar,Bar,Italian Restaurant,Mexican Restaurant,Burger Joint,Asian Restaurant,Bakery,Playground,Park
Morris Heights,Bronx,Grocery Store / Supermarket,Chinese Restaurant,Pizzeria,Bridge,Mobile Phone Store,Food Truck,Butcher,Middle School,Bank,Historic and Protected Site
Morris Park,Bronx,Pizzeria,Asian Restaurant,Automotive Repair Shop,American Restaurant,Youth Organization,Lounge,Fast Food Restaurant,Grocery Store / Supermarket,Caterer,Retail
Morrisania,Bronx,Discount Store,Fast Food Restaurant,Bagel Shop,Mobile Phone Store,Mexican Restaurant,Hair Salon,Latin American Restaurant,Grocery Store / Supermarket,Pizzeria,Flower Store
Mott Haven,Bronx,Baseball Field,American Restaurant,Pizzeria,Storage Facility,Latin American Restaurant,Bagel Shop,Art Gallery,Burger Joint,Discount Store,Performing Arts Venue
Mount Eden,Bronx,Chinese Restaurant,Grocery Store / Supermarket,Pizzeria,Bridge,Barbershop,Latin American Restaurant,Mobile Phone Store,Drugstore,Food Truck,Night Club
Mount Hope,Bronx,Grocery Store / Supermarket,Fast Food Restaurant,Park,Pizzeria,Mobile Phone Store,Automotive Repair Shop,Hair Salon,Butcher,Mexican Restaurant,Deli
Murray Hill,Manhattan,Japanese Restaurant,American Restaurant,Asian Restaurant,Restaurant,Grocery Store / Supermarket,BBQ Joint,Café,Bakery,Bar,Sushi Restaurant
Murray Hill,Queens,Korean Restaurant,BBQ Joint,Deli,Hair Salon,Coffee Shop,Fast Food Restaurant,Bagel Shop,Asian Restaurant,Lake,Liquor Store
Neponsit,Queens,Beach,Park,Nail Salon,Retail,Bakery,Harbor / Marina,Mexican Restaurant,Pizzeria,Playground,Boutique
New Brighton,Staten Island,Pizzeria,Cocktail Bar,Bookstore,Bar,Indian Restaurant,Asian Restaurant,Accounting and Bookkeeping Service,Karaoke Bar,Latin American Restaurant,Garden Center
New Dorp,Staten Island,Health and Beauty Service,Fast Food Restaurant,Restaurant,BBQ Joint,Coffee Shop,Italian Restaurant,Indian Restaurant,Bubble Tea Shop,Barbershop,Baseball Field
New Dorp Beach,Staten Island,Beach,Baseball Field,Drugstore,Coffee Shop,Fast Food Restaurant,Park,Grocery Store / Supermarket,Banking and Finance,Playground,Pizzeria
New Lots,Brooklyn,Deli,Fast Food Restaurant,Grocery Store / Supermarket,Caribbean Restaurant,Pizzeria,Park,Car Parts and Accessories,Business and Professional Services,Bagel Shop,Pet Supplies Store
New Springville,Staten Island,Deli,Home Appliance Store,Burger Joint,Food and Beverage Retail,Nail Salon,Food Truck,Garden Center,Mobile Phone Store,Grocery Store / Supermarket,Shoe Store
Noho,Manhattan,Asian Restaurant,Cocktail Bar,Restaurant,Café,American Restaurant,Wine Bar,Pizzeria,Coffee Shop,Ice Cream Parlor,Art Gallery
North Corona,Queens,Latin American Restaurant,Deli,Bakery,American Restaurant,Pizzeria,Convenience Store,Burger Joint,Hair Salon,Harbor / Marina,Grocery Store / Supermarket
North Riverdale,Bronx,Pizzeria,Nail Salon,Restaurant,American Restaurant,Bar,Bagel Shop,Sushi Restaurant,Historic and Protected Site,Swimming Pool,Grocery Store / Supermarket
North Side,Brooklyn,Coffee Shop,Pizzeria,Bakery,Restaurant,Wine Bar,BBQ Joint,Grocery Store / Supermarket,Bar,Asian Restaurant,Café
Norwood,Bronx,Pizzeria,Park,Mobile Phone Store,Mexican Restaurant,Bagel Shop,Bar,Fast Food Restaurant,Non-Profit Organization,Health Food Store,Performing Arts Venue
Oakland Gardens,Queens,Bagel Shop,Asian Restaurant,Pizzeria,Park,Bank,Burger Joint,Restaurant,Barbershop,Historic and Protected Site,Flower Store
Oakwood,Staten Island,Fast Food Restaurant,Bank,Liquor Store,Video Store,Veterans' Organization,Other Great Outdoors,Hiking Trail,Restaurant,Coffee Shop,Dog Park
Ocean Hill,Brooklyn,Fast Food Restaurant,Discount Store,Restaurant,Bar,Bakery,Cocktail Bar,Playground,Beer Bar,Tattoo Parlor,Gourmet Store
Ocean Parkway,Brooklyn,Department Store,Restaurant,Kosher Restaurant,Grocery Store / Supermarket,Pizzeria,Automotive Repair Shop,Café,Furniture and Home Store,Hair Salon,Greek Restaurant
Old Town,Staten Island,Italian Restaurant,Car Dealership,Pizzeria,Asian Restaurant,Automotive Repair Shop,American Restaurant,Bagel Shop,Bakery,Restaurant,Banking and Finance
Olinville,Bronx,Fast Food Restaurant,Bagel Shop,Pizzeria,Drugstore,American Restaurant,Grocery Store / Supermarket,Chinese Restaurant,Hiking Trail,Miscellaneous Store,Mobile Phone Store
Ozone Park,Queens,Pizzeria,Fast Food Restaurant,Bar,Automotive Repair Shop,Dance Studio,Chinese Restaurant,Gourmet Store,Nail Salon,Beer Store,Mobile Phone Store
Paerdegat Basin,Brooklyn,Caribbean Restaurant,Harbor / Marina,Fast Food Restaurant,Park,Asian Restaurant,Diner,Chinese Restaurant,Bakery,Bank,Barbershop
Park Hill,Staten Island,Automotive Repair Shop,Grocery Store / Supermarket,Deli,Hardware Store,History Museum,Pizzeria,Health and Medicine,Tire Repair Shop,Coffee Shop,Hair Salon
Park Slope,Brooklyn,Playground,Bagel Shop,Coffee Shop,Beer Bar,Bakery,Grocery Store / Supermarket,Bubble Tea Shop,Restaurant,Gay Bar,Bookstore
Parkchester,Bronx,Caribbean Restaurant,Latin American Restaurant,Automotive Repair Shop,Diner,Pizzeria,Café,American Restaurant,Mexican Restaurant,Vegan and Vegetarian Restaurant,BBQ Joint
Pelham Bay,Bronx,Pizzeria,Automotive Repair Shop,Fast Food Restaurant,Convenience Store,Nail Salon,Restaurant,Bagel Shop,Bookstore,Bar,Tire Repair Shop
Pelham Gardens,Bronx,Restaurant,Drugstore,Grocery Store / Supermarket,Automotive Repair Shop,Pizzeria,Lounge,Gourmet Store,Caribbean Restaurant,Bagel Shop,Bakery
Pelham Parkway,Bronx,Pizzeria,Bagel Shop,Bakery,Drugstore,Chinese Restaurant,Asian Restaurant,Nail Salon,Bank,Banking and Finance,Grocery Store / Supermarket
Pleasant Plains,Staten Island,Bridge,Fast Food Restaurant,Pizzeria,Tattoo Parlor,Bakery,Retail,Restaurant,Landmarks and Outdoors,Bank,Ice Cream Parlor
Pomonok,Queens,Deli,Nail Salon,Pizzeria,Basketball Court,Vegan and Vegetarian Restaurant,Asian Restaurant,Tattoo Parlor,Organic Grocery,Bagel Shop,Playground
Port Ivory,Staten Island,Storage Facility,Business and Professional Services,Sports and Recreation,American Restaurant,General Contractor,Laundry Service,ATM,Office Supply Store,Parking,Park
Port Morris,Bronx,Baseball Field,Storage Facility,American Restaurant,Latin American Restaurant,Pizzeria,Park,Deli,Equipment Rental Service,Burger Joint,Dog Park
Port Richmond,Staten Island,Deli,Automotive Repair Shop,Grocery Store / Supermarket,Hair Salon,Liquor Store,Discount Store,Pizzeria,Ice Cream Parlor,Bank,Bagel Shop
Prince's Bay,Staten Island,Hair Salon,Pizzeria,Bank,Drugstore,Bridal Store,Other Great Outdoors,Harbor / Marina,Barbershop,Bagel Shop,Coffee Shop
Prospect Heights,Brooklyn,Cocktail Bar,Coffee Shop,American Restaurant,Beer Bar,Café,Restaurant,Italian Restaurant,Caribbean Restaurant,Asian Restaurant,Bakery
Prospect Lefferts Gardens,Brooklyn,Caribbean Restaurant,Cocktail Bar,Bakery,Restaurant,Wine Bar,Bar,Grocery Store / Supermarket,Playground,Park,Coffee Shop
Prospect Park South,Brooklyn,Caribbean Restaurant,Grocery Store / Supermarket,Cocktail Bar,Chinese Restaurant,Organic Grocery,Bakery,American Restaurant,Park,Restaurant,Concert Hall
Queens Village,Queens,Bakery,Caribbean Restaurant,Health and Beauty Service,Deli,Pizzeria,Restaurant,Car Parts and Accessories,Fast Food Restaurant,Coffee Shop,Bagel Shop
Queensboro Hill,Queens,Playground,Chinese Restaurant,Park,Bakery,Baseball Field,Asian Restaurant,Cemetery,Swimming Pool,Automotive Repair Shop,Hobby Store
Queensbridge,Queens,Coffee Shop,Restaurant,Wine Bar,Sports and Recreation,Park,Brewery,Grocery Store / Supermarket,Pizzeria,Deli,Hair Salon
Randall Manor,Staten Island,Park,Deli,Bar,Pizzeria,Gourmet Store,Restaurant,Concert Hall,Botanical Garden,Baseball Field,Men's Store
Ravenswood,Queens,Restaurant,Greek Restaurant,Café,Bagel Shop,Asian Restaurant,Bar,Hair Salon,Mexican Restaurant,Thai Restaurant,Bookstore
Red Hook,Brooklyn,Park,Bakery,Bar,Cocktail Bar,Liquor Store,Grocery Store / Supermarket,Wine Bar,Scenic Lookout,Salvadoran Restaurant,Music Venue
Rego Park,Queens,Pizzeria,Bakery,Latin American Restaurant,Drugstore,Asian Restaurant,Liquor Store,Hair Salon,Coffee Shop,Grocery Store / Supermarket,Playground
Remsen Village,Brooklyn,Hair Salon,Fast Food Restaurant,Bagel Shop,Caribbean Restaurant,Grocery Store / Supermarket,Chinese Restaurant,Seafood Restaurant,American Restaurant,Bakery,Department Store
Richmond Hill,Queens,Asian Restaurant,Indian Restaurant,Pizzeria,Park,Latin American Restaurant,Grocery Store / Supermarket,Fast Food Restaurant,Bridal Store,Caribbean Restaurant,Clothing Store
Richmond Town,Staten Island,Pizzeria,Italian Restaurant,American Restaurant,Nail Salon,Bakery,Asian Restaurant,Art Museum,Diner,Ice Cream Parlor,Pediatrician
Richmond Valley,Staten Island,Café,Pizzeria,Bridge,Tobacco Store,Skating Rink,Bakery,Bagel Shop,Convenience Store,Barbershop,Automotive Repair Shop
Ridgewood,Queens,Café,Mexican Restaurant,Bar,Beer Bar,Pizzeria,Deli,Dive Bar,Bakery,Wine Bar,Burger Joint
Riverdale,Bronx,Park,Playground,Dog Park,Deli,River,Baseball Field,Bar,Cocktail Bar,Bagel Shop,Other Great Outdoors
Rochdale,Queens,Barbershop,Fast Food Restaurant,Drugstore,Nail Salon,Bank,Caribbean Restaurant,Laundromat,Liquor Store,BBQ Joint,Bagel Shop
Rockaway Beach,Queens,Beach,Bar,Restaurant,Rail Station,Burrito Restaurant,Beach Bar,Food Stand,Sandwich Restaurant,Pizzeria,Bakery
Rockaway Park,Queens,Beach,Bagel Shop,Drugstore,Stationery Store,Mexican Restaurant,Frozen Yogurt Shop,Bank,Bakery,Pizzeria,Liquor Store
Roosevelt Island,Manhattan,Park,Restaurant,Sushi Restaurant,Café,Grocery Store / Supermarket,Playground,Wine Bar,Bar,Sports and Recreation,Indian Restaurant
Rosebank,Staten Island,Restaurant,Pizzeria,Deli,History Museum,Bar,Organization,Breakfast Spot,Mexican Restaurant,Dog Park,Health and Beauty Service
Rosedale,Queens,Nail Salon,Restaurant,Discount Store,Cosmetics Store,Fast Food Restaurant,Sculpture Garden,Barbershop,Shopping Plaza,Grocery Store / Supermarket,Bakery
Rossville,Staten Island,Bagel Shop,Automotive Repair Shop,Barbershop,Pizzeria,Stationery Store,Automotive Retail,Bar,Hardware Store,Sushi Restaurant,Storage Facility
Roxbury,Queens,Beach,Baseball Field,Monument,Fast Food Restaurant,Hiking Trail,Landmarks and Outdoors,Campground,Harbor / Marina,Grocery Store / Supermarket,Pub
Rugby,Brooklyn,Fast Food Restaurant,Caribbean Restaurant,Restaurant,Chinese Restaurant,Bagel Shop,Bakery,Mobile Phone Store,Grocery Store / Supermarket,Discount Store,Seafood Restaurant
Sandy Ground,Staten Island,Bagel Shop,Diner,Car Wash and Detail,Hardware Store,Coffee Shop,Barbershop,Shopping Plaza,Bank,Bakery,Hiking Trail
Schuylerville,Bronx,Nail Salon,Restaurant,American Restaurant,Bagel Shop,Burger Joint,Mattress Store,Bar,Mexican Restaurant,Gymnastics,Grocery Store / Supermarket
Sea Gate,Brooklyn,Beach,Swimming Pool,Mobile Phone Store,Bank,Asian Restaurant,Bagel Shop,Fast Food Restaurant,Dog Park,Park,Spa
Sheepshead Bay,Brooklyn,Restaurant,Italian Restaurant,American Restaurant,Bagel Shop,Grocery Store / Supermarket,Burger Joint,Landmarks and Outdoors,Mediterranean Restaurant,Pizzeria,Asian Restaurant
Shore Acres,Staten Island,Restaurant,Pizzeria,Bar,History Museum,Park,Diner,Baseball Field,Beach,Cafeteria,Chinese Restaurant
Silver Lake,Staten Island,Dog Park,Bagel Shop,Pizzeria,Performing Arts Venue,Deli,Butcher,BBQ Joint,Hiking Trail,Tree Service,Beach
Soho,Manhattan,Restaurant,Pizzeria,Burger Joint,Spa,Coffee Shop,Bakery,Wine Bar,Clothing Store,Café,Ice Cream Parlor
Somerville,Queens,Automotive Repair Shop,Grocery Store / Supermarket,Bagel Shop,Restaurant,Pizzeria,Beach,Taco Restaurant,Brewery,Chinese Restaurant,Automotive Retail
Soundview,Bronx,Grocery Store / Supermarket,Fast Food Restaurant,Bagel Shop,Café,Mobile Phone Store,Deli,Liquor Store,American Restaurant,Clothing Store,Chinese Restaurant
South Beach,Staten Island,Beach,American Restaurant,Amusement Park,Baseball Field,Cosmetics Store,BBQ Joint,Deli,Park,Sports and Recreation,Dog Park
South Jamaica,Queens,Deli,Grocery Store / Supermarket,Bank,Discount Store,Caribbean Restaurant,Car Wash and Detail,Chinese Restaurant,Hair Salon,Church,Park
South Ozone Park,Queens,Bar,Park,Pizzeria,Bagel Shop,Car Parts and Accessories,Bank,American Restaurant,Grocery Store / Supermarket,Liquor Store,Automotive Repair Shop
South Side,Brooklyn,Pizzeria,Coffee Shop,American Restaurant,Bakery,Restaurant,Latin American Restaurant,Asian Restaurant,Chinese Restaurant,Music Venue,Bar
Springfield Gardens,Queens,Fast Food Restaurant,Bakery,Park,Beer Bar,Clothing Store,Laundromat,Drugstore,Restaurant,Church,Pizzeria
Spuyten Duyvil,Bronx,Park,Dog Park,Scenic Lookout,Other Great Outdoors,Playground,Landmarks and Outdoors,Pizzeria,Food Truck,Sushi Restaurant,Diner
St. Albans,Queens,Caribbean Restaurant,Indian Restaurant,Restaurant,Bank,Bakery,BBQ Joint,Fast Food Restaurant,Caterer,Fish Market,Chinese Restaurant
St. George,Staten Island,Clothing Store,Pizzeria,Deli,Bakery,Bar,Shoe Store,Automotive Repair Shop,Bookstore,Swimming Pool,Baseball Field
Stapleton,Staten Island,Deli,Automotive Repair Shop,Fast Food Restaurant,Discount Store,Mexican Restaurant,Barbershop,Bagel Shop,Pizzeria,Motorcycle Dealership,Cosmetics Store
Starrett City,Brooklyn,Fast Food Restaurant,Department Store,Pizzeria,Grocery Store / Supermarket,Park,Drugstore,American Restaurant,Bagel Shop,Food Truck,Gourmet Store
Steinway,Queens,Greek Restaurant,Asian Restaurant,Bakery,Restaurant,Deli,Hair Salon,Bagel Shop,Café,Pizzeria,BBQ Joint
Stuyvesant Town,Manhattan,Cocktail Bar,Park,Pizzeria,Hair Salon,Bagel Shop,Restaurant,Italian Restaurant,Coffee Shop,Wine Bar,Dog Park
Sunnyside,Queens,Coffee Shop,Pizzeria,Bakery,American Restaurant,Cocktail Bar,Sports Bar,Hardware Store,Restaurant,Deli,Bar
Sunnyside,Staten Island,Pizzeria,Deli,Barbershop,Bagel Shop,Performing Arts Venue,Convenience Store,Sculpture Garden,Playground,Hiking Trail,Health and Medicine
Sunnyside Gardens,Queens,Bakery,Pizzeria,Mexican Restaurant,Park,Italian Restaurant,Bar,Cocktail Bar,Asian Restaurant,Colombian Restaurant,American Restaurant
Sunset Park,Brooklyn,Bakery,Chinese Restaurant,Latin American Restaurant,Asian Restaurant,Fast Food Restaurant,Caribbean Restaurant,Mexican Restaurant,Ice Cream Parlor,Restaurant,Café
Sutton Place,Manhattan,Park,American Restaurant,Restaurant,Beer Bar,Bakery,Bar,Grocery Store / Supermarket,Playground,Hair Salon,Coffee Shop
Throgs Neck,Bronx,Pizzeria,Deli,Italian Restaurant,American Restaurant,Bank,Coffee Shop,Chinese Restaurant,Asian Restaurant,Public and Social Service,Cupcake Shop
Todt Hill,Staten Island,Campground,Mountain,Physician,Golf Course,ATM,Party Supply Store,Parking,Park,Paintball Field,Other Great Outdoors
Tompkinsville,Staten Island,Clothing Store,Bookstore,Bar,Asian Restaurant,Park,Pizzeria,Cocktail Bar,Mexican Restaurant,Indian Restaurant,Fast Food Restaurant
Tottenville,Staten Island,Italian Restaurant,Beach,Pizzeria,Ice Cream Parlor,Bakery,Historic and Protected Site,Playground,Sculpture Garden,Park,Music Venue
Travis,Staten Island,Pet Supplies Store,Latin American Restaurant,Clothing Store,Bar,Butcher,Comedy Club,Park,Carpet and Flooring Contractor,Arts and Entertainment,Arts and Crafts Store
Tribeca,Manhattan,Restaurant,Café,Cocktail Bar,Park,Bar,American Restaurant,Grocery Store / Supermarket,Scenic Lookout,Lounge,Playground
Tudor City,Manhattan,American Restaurant,Japanese Restaurant,Restaurant,Café,Grocery Store / Supermarket,Bar,Karaoke Bar,Bakery,Asian Restaurant,Park
Turtle Bay,Manhattan,American Restaurant,Park,Lounge,Bakery,Café,Bar,Sushi Restaurant,Restaurant,Coffee Shop,Japanese Restaurant
Unionport,Bronx,Caribbean Restaurant,Grocery Store / Supermarket,Barbershop,Pizzeria,Mobile Phone Store,Nail Salon,Storage Facility,Latin American Restaurant,Chinese Restaurant,American Restaurant
University Heights,Bronx,Pizzeria,Grocery Store / Supermarket,Mobile Phone Store,Playground,Latin American Restaurant,American Restaurant,Deli,Bagel Shop,Bank,Hair Salon
Upper East Side,Manhattan,Restaurant,Exhibit,Italian Restaurant,Bakery,Bar,Hair Salon,American Restaurant,Wine Bar,Coffee Shop,Bookstore
Upper West Side,Manhattan,Restaurant,American Restaurant,Bakery,Café,Park,Bagel Shop,Garden,Cocktail Bar,Wine Bar,Asian Restaurant
Utopia,Queens,Pizzeria,Asian Restaurant,Playground,Bagel Shop,Fast Food Restaurant,Bubble Tea Shop,Grocery Store / Supermarket,Convenience Store,Bar,Hardware Store
Van Nest,Bronx,Pizzeria,Zoo,Park,Bagel Shop,Playground,Middle Eastern Restaurant,Automotive Repair Shop,Grocery Store / Supermarket,Financial Service,Gourmet Store
Vinegar Hill,Brooklyn,Playground,Park,Bakery,American Restaurant,Harbor / Marina,Men's Store,Picnic Area,Farm,Bar,Scenic Lookout
Wakefield,Bronx,Fast Food Restaurant,Drugstore,Bagel Shop,Bakery,Grocery Store / Supermarket,Ice Cream Parlor,Cocktail Bar,Barbershop,Hair Salon,Mobile Phone Store
Washington Heights,Manhattan,Cocktail Bar,Caribbean Restaurant,Latin American Restaurant,Park,Playground,Pizzeria,Scenic Lookout,American Restaurant,Landmarks and Outdoors,Italian Restaurant
Weeksville,Brooklyn,Park,Caribbean Restaurant,Coffee Shop,American Restaurant,Bakery,Grocery Store / Supermarket,Seafood Restaurant,Discount Store,Laundromat,Liquor Store
West Brighton,Staten Island,Bar,Pizzeria,Deli,Hair Salon,Bagel Shop,Restaurant,Scenic Lookout,Sandwich Restaurant,Bank,Banking and Finance
West Farms,Bronx,Zoo,Pizzeria,Bagel Shop,Park,Fast Food Restaurant,Burger Joint,Liquor Store,Automotive Repair Shop,Mobile Phone Store,Lounge
West Village,Manhattan,Restaurant,American Restaurant,Italian Restaurant,Bar,Coffee Shop,Park,Cocktail Bar,Hiking Trail,Cheese Store,Bakery
Westchester Square,Bronx,Fast Food Restaurant,Pizzeria,American Restaurant,Automotive Repair Shop,Mexican Restaurant,Diner,Italian Restaurant,Park,Drugstore,Bakery
Westerleigh,Staten Island,Bakery,Deli,Ice Cream Parlor,American Restaurant,Coffee Shop,Real Estate Agency,Pub,Tailor,Burger Joint,Chinese Restaurant
Whitestone,Queens,Deli,Bagel Shop,Pizzeria,Grocery Store / Supermarket,Convenience Store,Banking and Finance,Fast Food Restaurant,Ice Cream Parlor,Park,Beer Store
Williamsbridge,Bronx,Hair Salon,Fast Food Restaurant,Grocery Store / Supermarket,Restaurant,Pizzeria,Caribbean Restaurant,Department Store,Drugstore,Bakery,Accounting and Bookkeeping Service
Williamsburg,Brooklyn,Pizzeria,American Restaurant,Cocktail Bar,Bakery,Music Venue,Wine Bar,Restaurant,Grocery Store / Supermarket,Latin American Restaurant,Hair Salon
Willowbrook,Staten Island,Barbershop,Grocery Store / Supermarket,Bagel Shop,Pizzeria,Coffee Shop,Hair Salon,Chinese Restaurant,Dry Cleaner,Other Great Outdoors,Sushi Restaurant
Windsor Terrace,Brooklyn,Café,Bar,Playground,Italian Restaurant,Landmarks and Outdoors,Coffee Shop,Pizzeria,Wine Bar,Tattoo Parlor,Scenic Lookout
Wingate,Brooklyn,Fast Food Restaurant,Caribbean Restaurant,Bakery,Deli,Gourmet Store,Chinese Restaurant,Grocery Store / Supermarket,Bagel Shop,Park,BBQ Joint
Woodhaven,Queens,Deli,Grocery Store / Supermarket,Pizzeria,Caribbean Restaurant,Barbershop,Fast Food Restaurant,Tattoo Parlor,Gun Range,Health and Beauty Service,Candy Store
Woodlawn,Bronx,Pizzeria,Pub,Baseball Field,Bar,Deli,Bagel Shop,Discount Store,Lounge,Coffee Shop,Hair Salon
Woodrow,Staten Island,Bank,Grocery Store / Supermarket,Other Great Outdoors,Basketball Court,Coffee Shop,Laundry Service,Sushi Restaurant,Bagel Shop,Drugstore,Bakery
Woodside,Queens,Bakery,Mexican Restaurant,Indian Restaurant,Sushi Restaurant,Burger Joint,Bar,Dog Park,Park,BBQ Joint,Night Club
Yorkville,Manhattan,Restaurant,Coffee Shop,Deli,Bakery,Park,American Restaurant,Wine Bar,Pizzeria,Diner,Beer Store
